Timestamp,Hot Search
2024-06-25 18:59:23,刘亦菲回复林一
2024-06-25 18:59:23,男生查分后默默去做饭妈妈秒懂
2024-06-25 18:59:23,嫦娥六号返回器安全着陆
2024-06-25 18:59:23,蚂蚁保上预定利率3.0%的增额寿
2024-06-25 18:59:23,我考了696分我同桌考了703分
2024-06-25 18:59:23,清华告诉你北京到底有谁在
2024-06-25 18:59:23,那英 我根本记不住歌词
2024-06-25 18:59:23,腾讯四连爆
2024-06-25 18:59:23,北京警方通报65岁男子捂女孩嘴
2024-06-25 18:59:23,梁永棋抱着喝醉的王星越
2024-06-25 18:59:23,凡尔赛男孩称考得不好全省排名一千多
2024-06-25 18:59:23,金靖刘胜瑛真的一起怀孕
2024-06-25 18:59:23,刘亦菲发文感谢所有人
2024-06-25 18:59:23,男子用麻精药品迷奸多名女性被判无期
2024-06-25 18:59:23,喜茶新品名小奶栀被指擦边
2024-06-25 18:59:23,被境外毒枭悬赏人头的缉毒警有话要说
2024-06-25 18:59:23,裘德 歌手
2024-06-25 18:59:23,林一晒与刘亦菲合照
2024-06-25 18:59:23,只有川渝人才知道他演的有多像
2024-06-25 18:59:23,MTJJ 弃养
2024-06-25 18:59:23,法国vs波兰
2024-06-25 18:59:23,环卫工双胞胎儿子考了639和592
2024-06-25 18:59:23,不想腹部长赘肉8种食物少吃
2024-06-25 18:59:23,美术馆就玫瑰的故事丢失作品致歉
2024-06-25 18:59:23,长期不爱说话或说话少的后果
2024-06-25 18:59:23,韩国流行的半扎发方法
2024-06-25 18:59:23,晚上睡不着和熬夜的区别有多大
2024-06-25 18:59:23,庄国栋等了黄亦玫20年
2024-06-25 18:59:23,赵露思旗袍
2024-06-25 18:59:23,吴奇隆晒照
2024-06-25 18:59:23,朋友圈可以屏蔽一个群的人
2024-06-25 18:59:23,江西卫视发了王一博哭戏
2024-06-25 18:59:23,涂山璟还是熟悉的那味儿
2024-06-25 18:59:23,日本卖的西瓜皮是谁啃的
2024-06-25 18:59:23,罗小黑原型
2024-06-25 18:59:23,万茜怎么把编织袋穿身上了
2024-06-25 18:59:23,宝石老舅已老实求放过
2024-06-25 18:59:23,黑龙江高考分数线
2024-06-25 18:59:23,喜茶 小奶栀
2024-06-25 18:59:23,迪丽热巴这发际线
2024-06-25 18:59:23,杜海涛想要个女儿
2024-06-25 18:59:23,正确改善驼背
2024-06-25 18:59:23,双鱼座讨厌一个人全写在脸上
2024-06-25 18:59:23,孙阳和网友吵起来了
2024-06-25 18:59:23,虞书欣 中餐厅ootd
2024-06-25 18:59:23,i人甚至都不敢看完
2024-06-25 18:59:23,周杰伦 DIOR活动
2024-06-25 18:59:23,金智媛台北活动
2024-06-25 18:59:23,当代年轻人逛商场流程
2024-06-25 18:59:23,别成为那个不愿被让座的人
2024-06-25 19:59:24,韩雪拒绝用负重一万斤长大玩梗
2024-06-25 19:59:24,女孩查分开出隐藏款让父亲一脸懵
2024-06-25 19:59:24,嫦娥六号返回器安全着陆
2024-06-25 19:59:24,小罐茶创始人道歉
2024-06-25 19:59:24,何炅谢娜李维嘉合体了
2024-06-25 19:59:24,男生查分后默默去做饭妈妈秒懂
2024-06-25 19:59:24,刘亦菲回复林一
2024-06-25 19:59:24,我考了696分我同桌考了703分
2024-06-25 19:59:24,肖战在前面唱 那英在后面笑
2024-06-25 19:59:24,老外都晓得不要在四川夜市闲逛
2024-06-25 19:59:24,清华告诉你北京到底有谁在
2024-06-25 19:59:24,成都地铁诬陷偷拍案被拍成电视剧
2024-06-25 19:59:24,金靖刘胜瑛真的一起怀孕
2024-06-25 19:59:24,腾讯四连爆
2024-06-25 19:59:24,第一次知道这么吵的虫子长啥样
2024-06-25 19:59:24,双胞胎出生差2分高考也差2分
2024-06-25 19:59:24,那英 我根本记不住歌词
2024-06-25 19:59:24,荷兰2比3奥地利
2024-06-25 19:59:24,喜茶新品名小奶栀被指擦边
2024-06-25 19:59:24,刘亦菲发文感谢所有人
2024-06-25 19:59:24,优酷被吐槽吃相难看
2024-06-25 19:59:24,男子寻求刺激多次给女友下迷药被抓
2024-06-25 19:59:24,为编制放弃高薪工作开始异地夫妻生活
2024-06-25 19:59:24,身上3个部位长红血丝不能拖
2024-06-25 19:59:24,原来微信可以自动定位未读消息
2024-06-25 19:59:24,晚上睡不着和熬夜的区别有多大
2024-06-25 19:59:24,不想腹部长赘肉8种食物少吃
2024-06-25 19:59:24,离职后公司帮我多交了两个月的社保
2024-06-25 19:59:24,裘德 歌手
2024-06-25 19:59:24,法国1比1波兰
2024-06-25 19:59:24,梁永棋抱着喝醉的王星越
2024-06-25 19:59:24,林一晒与刘亦菲合照
2024-06-25 19:59:24,午睡醒来后心脏一阵狂跳怎么回事
2024-06-25 19:59:24,欧洲杯造死亡半区
2024-06-25 19:59:24,赵露思旗袍
2024-06-25 19:59:24,英格兰0比0斯洛文尼亚
2024-06-25 19:59:24,海南再通报游客称潜水被弃海中事件
2024-06-25 19:59:24,被境外毒枭悬赏人头的缉毒警有话要说
2024-06-25 19:59:24,冰箱里的肉冻多久就不能吃了
2024-06-25 19:59:24,环卫工双胞胎儿子考了639和592
2024-06-25 19:59:24,MTJJ 弃养
2024-06-25 19:59:24,UP主诽谤陈飞宇为男小三被判道歉
2024-06-25 19:59:24,C罗水捐赠物资驰援梅州
2024-06-25 19:59:24,姆巴佩欧洲杯首球
2024-06-25 19:59:24,美术馆就玫瑰的故事丢失作品致歉
2024-06-25 19:59:24,朱炳仁孙子高考700分目标北大
2024-06-25 19:59:24,差一分清北的情节在自己身上发生了
2024-06-25 19:59:24,法国队3轮无运动战进球
2024-06-25 19:59:24,致敬缉毒警察
2024-06-25 19:59:24,长期不爱说话或说话少的后果
2024-06-25 20:59:25,女孩查分开出隐藏款让父亲一脸懵
2024-06-25 20:59:25,韩雪拒绝用负重一万斤长大玩梗
2024-06-25 20:59:25,嫦娥六号返回器安全着陆
2024-06-25 20:59:25,运动不只运动
2024-06-25 20:59:25,朱炳仁孙子高考700分目标北大
2024-06-25 20:59:25,小罐茶创始人道歉
2024-06-25 20:59:25,刘亦菲回复林一
2024-06-25 20:59:25,你的车还是烫手山芋么
2024-06-25 20:59:25,何炅谢娜李维嘉合体了
2024-06-25 20:59:25,男生查分后默默去做饭妈妈秒懂
2024-06-25 20:59:25,我考了696分我同桌考了703分
2024-06-25 20:59:25,一小块月球到达地球
2024-06-25 20:59:25,第一次知道这么吵的虫子长啥样
2024-06-25 20:59:25,肖战在前面唱 那英在后面笑
2024-06-25 20:59:25,C罗水捐赠物资驰援梅州
2024-06-25 20:59:25,双胞胎出生差2分高考也差2分
2024-06-25 20:59:25,易烊千玺相关公司接手文创企业
2024-06-25 20:59:25,金靖刘胜瑛真的一起怀孕
2024-06-25 20:59:25,成都地铁诬陷偷拍案被拍成电视剧
2024-06-25 20:59:25,网红博主爬泰山说5元1瓶水真不贵
2024-06-25 20:59:25,欧洲杯造死亡半区
2024-06-25 20:59:25,度华年开播
2024-06-25 20:59:25,优酷被吐槽吃相难看
2024-06-25 20:59:25,原来微信可以自动定位未读消息
2024-06-25 20:59:25,男子寻求刺激多次给女友下迷药被抓
2024-06-25 20:59:25,希腊开始施行一周工作6天
2024-06-25 20:59:25,林一晒与刘亦菲合照
2024-06-25 20:59:25,存钱很厉害的人都有一个共性
2024-06-25 20:59:25,为编制放弃高薪工作开始异地夫妻生活
2024-06-25 20:59:25,离职后公司帮我多交了两个月的社保
2024-06-25 20:59:25,清华告诉你北京到底有谁在
2024-06-25 20:59:25,赵露思旗袍
2024-06-25 20:59:25,裘德 歌手
2024-06-25 20:59:25,车门没锁女子打电话提醒结果亮了
2024-06-25 20:59:25,不想腹部长赘肉8种食物少吃
2024-06-25 20:59:25,原来猫真的能看得懂猫和老鼠
2024-06-25 20:59:25,晚上睡不着和熬夜的区别有多大
2024-06-25 20:59:25,MTJJ 弃养
2024-06-25 20:59:25,痞幼巴黎时装周vlog
2024-06-25 20:59:25,UP主诽谤陈飞宇为男小三被判道歉
2024-06-25 20:59:25,刘亦菲发文感谢所有人
2024-06-25 20:59:25,午睡醒来后心脏一阵狂跳怎么回事
2024-06-25 20:59:25,被境外毒枭悬赏人头的缉毒警有话要说
2024-06-25 20:59:25,腾讯四连爆
2024-06-25 20:59:25,冰箱里的肉冻多久就不能吃了
2024-06-25 20:59:25,玫瑰的故事蛋糕也埋了泪点
2024-06-25 20:59:25,清华大学 林更新转场
2024-06-25 20:59:25,这种主食比脂肪伤害更大
2024-06-25 20:59:25,17岁2米28女篮中锋争球不用跳
2024-06-25 20:59:25,海南再通报游客称潜水被弃海中事件
2024-06-25 21:59:26,女孩查分开出隐藏款让父亲一脸懵
2024-06-25 21:59:26,清华大学 神转场
2024-06-25 21:59:26,嫦娥六号返回器安全着陆
2024-06-25 21:59:26,韩雪拒绝用负重一万斤长大玩梗
2024-06-25 21:59:26,网红博主爬泰山说5元1瓶水真不贵
2024-06-25 21:59:26,朱炳仁孙子高考700分目标北大
2024-06-25 21:59:26,林一 北京不能没有你在
2024-06-25 21:59:26,何炅谢娜李维嘉合体了
2024-06-25 21:59:26,iPhone安卓手机可互发5G消息了
2024-06-25 21:59:26,男生高考687分第一反应感谢语文老师
2024-06-25 21:59:26,我考了696分我同桌考了703分
2024-06-25 21:59:26,刘亦菲回复林一
2024-06-25 21:59:26,长相思2预告角色时长占比
2024-06-25 21:59:26,小罐茶创始人道歉
2024-06-25 21:59:26,男生查分后默默去做饭妈妈秒懂
2024-06-25 21:59:26,加沙平均每天10名儿童失去腿
2024-06-25 21:59:26,谢娜张杰又发糖了
2024-06-25 21:59:26,肖战在前面唱 那英在后面笑
2024-06-25 21:59:26,双胞胎出生差2分高考也差2分
2024-06-25 21:59:26,上海地铁
2024-06-25 21:59:26,存钱很厉害的人都有一个共性
2024-06-25 21:59:26,度华年开播
2024-06-25 21:59:26,原来微信可以自动定位未读消息
2024-06-25 21:59:26,优酷被吐槽吃相难看
2024-06-25 21:59:26,男子寻求刺激多次给女友下迷药被抓
2024-06-25 21:59:26,希腊开始施行一周工作6天
2024-06-25 21:59:26,睡前有这5个习惯的人易胖肚子
2024-06-25 21:59:26,这种主食比脂肪伤害更大
2024-06-25 21:59:26,第一次知道这么吵的虫子长啥样
2024-06-25 21:59:26,易烊千玺相关公司接手文创企业
2024-06-25 21:59:26,林一晒与刘亦菲合照
2024-06-25 21:59:26,古天乐回应被追债830万港元
2024-06-25 21:59:26,原来猫真的能看得懂猫和老鼠
2024-06-25 21:59:26,C罗水捐赠物资驰援梅州
2024-06-25 21:59:26,疯批王姬
2024-06-25 21:59:26,刘同新书
2024-06-25 21:59:26,金靖刘胜瑛真的一起怀孕
2024-06-25 21:59:26,缉毒警的真实故事看哭了
2024-06-25 21:59:26,车门没锁女子打电话提醒结果亮了
2024-06-25 21:59:26,徐海乔赛道
2024-06-25 21:59:26,山东高考650分及以上3386人
2024-06-25 21:59:26,欧洲杯造死亡半区
2024-06-25 21:59:26,渐冻症学生离世大学设同名奖学金
2024-06-25 21:59:26,痞幼巴黎时装周vlog
2024-06-25 21:59:26,赵露思旗袍
2024-06-25 21:59:26,客服回应墨雨云间大结局单独收费
2024-06-25 21:59:26,MTJJ 弃养
2024-06-25 21:59:26,离职后公司帮我多交了两个月的社保
2024-06-25 21:59:26,裘德 歌手
2024-06-25 21:59:26,如鸢过审
2024-06-25 22:59:27,复旦招生宣传黄亦玫严选
2024-06-25 22:59:27,女孩查分开出隐藏款让父亲一脸懵
2024-06-25 22:59:27,高质量发展中国行
2024-06-25 22:59:27,韩雪拒绝用负重一万斤长大玩梗
2024-06-25 22:59:27,疯批王姬
2024-06-25 22:59:27,网红博主爬泰山说5元1瓶水真不贵
2024-06-25 22:59:27,林一 北京不能没有你在
2024-06-25 22:59:27,iPhone安卓手机可互发5G消息了
2024-06-25 22:59:27,渐冻症学生离世大学设同名奖学金
2024-06-25 22:59:27,00后挑战三个月打卡22座城市
2024-06-25 22:59:27,闲鱼账号被列为婚后财产夫妻举证争夺
2024-06-25 22:59:27,693分女孩还没查分就接到北大电话
2024-06-25 22:59:27,不知火舞新皮肤
2024-06-25 22:59:27,清华大学 神转场
2024-06-25 22:59:27,苹果取消两倍存储空间限制
2024-06-25 22:59:27,谢娜张杰又发糖了
2024-06-25 22:59:27,篮网尼克斯交易
2024-06-25 22:59:27,你的名字重映定档
2024-06-25 22:59:27,刘亦菲回复林一
2024-06-25 22:59:27,白敬亭申请强执黑粉
2024-06-25 22:59:27,睡前有这5个习惯的人易胖肚子
2024-06-25 22:59:27,原来微信可以自动定位未读消息
2024-06-25 22:59:27,存钱很厉害的人都有一个共性
2024-06-25 22:59:27,中式茶饮已经是nextlevel了
2024-06-25 22:59:27,各省文旅没场硬转
2024-06-25 22:59:27,何炅谢娜李维嘉合体了
2024-06-25 22:59:27,优酷被吐槽吃相难看
2024-06-25 22:59:27,父母从未因成绩差批评过我
2024-06-25 22:59:27,乌合麒麟新作美国毒夫
2024-06-25 22:59:27,距巴黎奥运会还有30天
2024-06-25 22:59:27,问界M9上市6个月大定突破10万辆
2024-06-25 22:59:27,我考了696分我同桌考了703分
2024-06-25 22:59:27,加沙平均每天10名儿童失去腿
2024-06-25 22:59:27,一个毕业即就业的专业
2024-06-25 22:59:27,果然外面的母猫不用做什么就赢了
2024-06-25 22:59:27,长相思2预告角色时长占比
2024-06-25 22:59:27,朱婷毕业了
2024-06-25 22:59:27,肖战在前面唱 那英在后面笑
2024-06-25 22:59:27,男子替换价格标签25元买走2瓶茅台
2024-06-25 22:59:27,杜国楹道歉
2024-06-25 22:59:27,朱炳仁孙子高考700分目标北大
2024-06-25 22:59:27,古天乐回应被追债830万港元
2024-06-25 22:59:27,林一晒与刘亦菲合照
2024-06-25 22:59:27,度华年开播
2024-06-25 22:59:27,张翰安慰李斯丹妮
2024-06-25 22:59:27,舒淇成为奥斯卡评委
2024-06-25 22:59:27,客服回应墨雨云间大结局单独收费
2024-06-25 22:59:27,小罐茶创始人道歉
2024-06-25 22:59:27,易烊千玺相关公司接手文创企业
2024-06-25 22:59:27,双胞胎出生差2分高考也差2分
2024-06-25 23:59:28,693分女孩还没查分就接到北大电话
2024-06-25 23:59:28,张若昀闷声干大事
2024-06-25 23:59:28,中国网络法治三十年
2024-06-25 23:59:28,具荷拉保险箱盗窃犯高清图
2024-06-25 23:59:28,乌合麒麟新作美国毒夫
2024-06-25 23:59:28,复旦招生宣传黄亦玫严选
2024-06-25 23:59:28,赵今麦MiuMiu
2024-06-25 23:59:28,男生考前右手骨折考了714分
2024-06-25 23:59:28,不知火舞新皮肤
2024-06-25 23:59:28,戒不了毒是意志力不够强吗
2024-06-25 23:59:28,闲鱼账号被列为婚后财产夫妻举证争夺
2024-06-25 23:59:28,加沙女孩乘车被曝遭以军355发子弹击中
2024-06-25 23:59:28,女孩查分开出隐藏款让父亲一脸懵
2024-06-25 23:59:28,苹果取消两倍存储空间限制
2024-06-25 23:59:28,你的名字重映定档
2024-06-25 23:59:28,ZICO
2024-06-25 23:59:28,刘青松疑似退役
2024-06-25 23:59:28,网红博主爬泰山说5元1瓶水真不贵
2024-06-25 23:59:28,韩雪拒绝用负重一万斤长大玩梗
2024-06-25 23:59:28,白敬亭申请强执黑粉
2024-06-25 23:59:28,睡前有这5个习惯的人易胖肚子
2024-06-25 23:59:28,永劫无间张起灵
2024-06-25 23:59:28,哈工大无需宣传分够了我自然会去
2024-06-25 23:59:28,北京摇号
2024-06-25 23:59:28,原来普通人可能一年也存不到5万
2024-06-25 23:59:28,优酷被吐槽吃相难看
2024-06-25 23:59:28,林一 北京不能没有你在
2024-06-25 23:59:28,疯批王姬
2024-06-25 23:59:28,清华大学 神转场
2024-06-25 23:59:28,张若昀新片定档
2024-06-25 23:59:28,一个毕业即就业的专业
2024-06-25 23:59:28,刘亦菲杜海涛斗舞
2024-06-25 23:59:28,谢娜张杰又发糖了
2024-06-25 23:59:28,原来微信可以自动定位未读消息
2024-06-25 23:59:28,iPhone安卓手机可互发5G消息了
2024-06-25 23:59:28,劳塔罗绝杀
2024-06-25 23:59:28,存钱很厉害的人都有一个共性
2024-06-25 23:59:28,杜海涛向金靖咨询怀孕的事情
2024-06-25 23:59:28,何炅谢娜李维嘉合体了
2024-06-25 23:59:28,篮网尼克斯交易
2024-06-25 23:59:28,刘亦菲回复林一
2024-06-25 23:59:28,渐冻症学生离世大学设同名奖学金
2024-06-25 23:59:28,度华年开播
2024-06-25 23:59:28,永劫无间手游定档
2024-06-25 23:59:28,各省文旅没场硬转
2024-06-25 23:59:28,公主春日宴男人好爱现
2024-06-25 23:59:28,清华复旦嗑到了
2024-06-25 23:59:28,建议大家检查下紧急联系人
2024-06-25 23:59:28,布里奇斯 尼克斯
2024-06-25 23:59:28,果然外面的母猫不用做什么就赢了
2024-06-26 00:59:29,693分女孩还没查分就接到北大电话
2024-06-26 00:59:29,赵今麦MiuMiu
2024-06-26 00:59:29,中国网络法治三十年
2024-06-26 00:59:29,歌手官宣谭维维
2024-06-26 00:59:29,男生考前右手骨折考了714分
2024-06-26 00:59:29,加沙女孩乘车被曝遭以军355发子弹击中
2024-06-26 00:59:29,夏季达沃斯论坛
2024-06-26 00:59:29,TFBOYS五十周年演唱会预告
2024-06-26 00:59:29,刘浩存MiuMiu
2024-06-26 00:59:29,10元手冲咖啡阿姨称月收入几万块
2024-06-26 00:59:29,女孩查分开出隐藏款让父亲一脸懵
2024-06-26 00:59:29,具荷拉保险箱盗窃犯高清图
2024-06-26 00:59:29,复旦招生宣传黄亦玫严选
2024-06-26 00:59:29,张若昀闷声干大事
2024-06-26 00:59:29,乌合麒麟新作美国毒夫
2024-06-26 00:59:29,ZICO
2024-06-26 00:59:29,张杰演唱会
2024-06-26 00:59:29,苹果取消两倍存储空间限制
2024-06-26 00:59:29,谁研发的榴莲辣条
2024-06-26 00:59:29,网红博主爬泰山说5元1瓶水真不贵
2024-06-26 00:59:29,永劫无间张起灵
2024-06-26 00:59:29,原来普通人可能一年也存不到5万
2024-06-26 00:59:29,不知火舞新皮肤
2024-06-26 00:59:29,韩雪拒绝用负重一万斤长大玩梗
2024-06-26 00:59:29,杨紫一番女主
2024-06-26 00:59:29,歌手
2024-06-26 00:59:29,睡前有这5个习惯的人易胖肚子
2024-06-26 00:59:29,MiuMiu包
2024-06-26 00:59:29,你的名字重映定档
2024-06-26 00:59:29,北京摇号
2024-06-26 00:59:29,台独立场转变是否还追究刑责
2024-06-26 00:59:29,张杰北京
2024-06-26 00:59:29,哈工大无需宣传分够了我自然会去
2024-06-26 00:59:29,存钱很厉害的人都有一个共性
2024-06-26 00:59:29,95后平均在职仅仅7个月就选择辞职
2024-06-26 00:59:29,优酷被吐槽吃相难看
2024-06-26 00:59:29,度华年开播
2024-06-26 00:59:29,刘青松疑似退役
2024-06-26 00:59:29,白敬亭申请强执黑粉
2024-06-26 00:59:29,张若昀新片定档
2024-06-26 00:59:29,清华复旦嗑到了
2024-06-26 00:59:29,巴黎奥运会各国制服
2024-06-26 00:59:29,度华年
2024-06-26 00:59:29,TheShy提出空调理论
2024-06-26 00:59:29,张杰谢娜被气笑的具象化了
2024-06-26 00:59:29,男子替换价格标签25元买走2瓶茅台
2024-06-26 00:59:29,胡锡进A股开户一周年
2024-06-26 00:59:29,刘亦菲杜海涛斗舞
2024-06-26 00:59:29,长相思2预告角色时长占比
2024-06-26 00:59:29,魔方新世界
2024-06-26 01:59:30,693分女孩还没查分就接到北大电话
2024-06-26 01:59:30,赵今麦MiuMiu
2024-06-26 01:59:30,中国网络法治三十年
2024-06-26 01:59:30,甘肃13岁男孩杀害8岁女童案今开庭
2024-06-26 01:59:30,刘浩存MiuMiu
2024-06-26 01:59:30,35岁清华毕业生再考清华失败
2024-06-26 01:59:30,95后平均在职仅仅7个月就选择辞职
2024-06-26 01:59:30,10元手冲咖啡阿姨称月收入几万块
2024-06-26 01:59:30,罗云熙新剧新娘是印小天
2024-06-26 01:59:30,195斤父亲一个月暴瘦30斤割肝救女
2024-06-26 01:59:30,歌手官宣谭维维
2024-06-26 01:59:30,TFBOYS五十周年演唱会预告
2024-06-26 01:59:30,男生考前右手骨折考了714分
2024-06-26 01:59:30,女孩查分开出隐藏款让父亲一脸懵
2024-06-26 01:59:30,复旦招生宣传黄亦玫严选
2024-06-26 01:59:30,谁家男主吐槽自己死得惨烈啊
2024-06-26 01:59:30,具荷拉保险箱盗窃犯高清图
2024-06-26 01:59:30,ZICO
2024-06-26 01:59:30,加沙女孩乘车被曝遭以军355发子弹击中
2024-06-26 01:59:30,乌合麒麟新作美国毒夫
2024-06-26 01:59:30,孕妇喝冰箱剩牛奶感染李斯特菌早产
2024-06-26 01:59:30,肿瘤科医生劝大家少吃这6种食物
2024-06-26 01:59:30,刘亦菲接剧水平
2024-06-26 01:59:30,原来普通人可能一年也存不到5万
2024-06-26 01:59:30,武艺听到天天一米九的反应
2024-06-26 01:59:30,沈月all朱朱党
2024-06-26 01:59:30,杨紫一番女主
2024-06-26 01:59:30,张若昀闷声干大事
2024-06-26 01:59:30,睡前有这5个习惯的人易胖肚子
2024-06-26 01:59:30,国台办回应民进党称妈祖是统战工具
2024-06-26 01:59:30,不知火舞新皮肤
2024-06-26 01:59:30,哈妮克孜表白刘亦菲
2024-06-26 01:59:30,ZICO 走路姿势
2024-06-26 01:59:30,孙兴慜父亲因殴打少年球员接受调查
2024-06-26 01:59:30,孙颖莎代言汰渍
2024-06-26 01:59:30,我完全而绝对地选择复旦
2024-06-26 01:59:30,网红博主爬泰山说5元1瓶水真不贵
2024-06-26 01:59:30,谁研发的榴莲辣条
2024-06-26 01:59:30,韩雪拒绝用负重一万斤长大玩梗
2024-06-26 01:59:30,上海到底有谁在啊
2024-06-26 01:59:30,MiuMiu包
2024-06-26 01:59:30,张若昀皮下是五竹
2024-06-26 01:59:30,度华年
2024-06-26 01:59:30,13岁男孩杀害8岁女童父母仍未道歉
2024-06-26 01:59:30,苹果取消两倍存储空间限制
2024-06-26 01:59:30,胡锡进A股开户一周年
2024-06-26 01:59:30,Doinb力挺小虎
2024-06-26 01:59:30,钉钉内支持切换7家主流大模型
2024-06-26 01:59:30,台独立场转变是否还追究刑责
2024-06-26 01:59:30,歌手
2024-06-26 02:59:31,武艺听到天天一米九的反应
2024-06-26 02:59:31,693分女孩还没查分就接到北大电话
2024-06-26 02:59:31,中国网络法治三十年
2024-06-26 02:59:31,赵今麦MiuMiu
2024-06-26 02:59:31,35岁清华毕业生再考清华失败
2024-06-26 02:59:31,95后平均在职仅仅7个月就选择辞职
2024-06-26 02:59:31,刘浩存MiuMiu
2024-06-26 02:59:31,罗云熙新剧新娘是印小天
2024-06-26 02:59:31,10元手冲咖啡阿姨称月收入几万块
2024-06-26 02:59:31,景区预约制该不该取消
2024-06-26 02:59:31,小S车内伸头看金智媛
2024-06-26 02:59:31,韩雪
2024-06-26 02:59:31,中国医科大学多名博士生称拿不到学位
2024-06-26 02:59:31,TFBOYS五十周年演唱会预告
2024-06-26 02:59:31,章莹颖父母现状
2024-06-26 02:59:31,刘亦菲接剧水平
2024-06-26 02:59:31,罗小黑
2024-06-26 02:59:31,男生考前右手骨折考了714分
2024-06-26 02:59:31,不知火舞新皮肤
2024-06-26 02:59:31,复旦招生宣传黄亦玫严选
2024-06-26 02:59:31,孕妇喝冰箱剩牛奶感染李斯特菌早产
2024-06-26 02:59:31,肿瘤科医生劝大家少吃这6种食物
2024-06-26 02:59:31,大腿上长了橘皮纹不是因为胖
2024-06-26 02:59:31,谁家男主吐槽自己死得惨烈啊
2024-06-26 02:59:31,王星越13岁就知道有事找谁帮忙
2024-06-26 02:59:31,歌手官宣谭维维
2024-06-26 02:59:31,文韬何运晨策略查重率100%
2024-06-26 02:59:31,女孩查分开出隐藏款让父亲一脸懵
2024-06-26 02:59:31,眷思量饭局甜度超标
2024-06-26 02:59:31,荷兰女飞行员驾驶时座舱盖突然爆裂
2024-06-26 02:59:31,原来普通人可能一年也存不到5万
2024-06-26 02:59:31,具荷拉保险箱盗窃犯高清图
2024-06-26 02:59:31,孙兴慜父亲因殴打少年球员接受调查
2024-06-26 02:59:31,董宇辉说霍启刚家里金牌太多了
2024-06-26 02:59:31,女子花8950元买LV拖鞋穿2次掉皮
2024-06-26 02:59:31,女子去埃及旅游出机场崩溃连连
2024-06-26 02:59:31,沙溢王鹤棣演岳父与女婿
2024-06-26 02:59:31,ZICO
2024-06-26 02:59:31,睡前有这5个习惯的人易胖肚子
2024-06-26 02:59:31,四胞胎
2024-06-26 02:59:31,大奉打更人  抬上来
2024-06-26 02:59:31,哈妮克孜表白刘亦菲
2024-06-26 02:59:31,我们的星球手游公测
2024-06-26 02:59:31,ZICO 走路姿势
2024-06-26 02:59:31,度华年
2024-06-26 02:59:31,男子出差半个月家被搬空
2024-06-26 02:59:31,乌合麒麟新作美国毒夫
2024-06-26 02:59:31,魔兽世界将开服
2024-06-26 02:59:31,韩雪拒绝用负重一万斤长大玩梗
2024-06-26 02:59:31,孙颖莎代言汰渍
2024-06-26 03:59:33,章莹颖父母现状
2024-06-26 03:59:33,武艺听到天天一米九的反应
2024-06-26 03:59:33,高质量发展瞰宁夏
2024-06-26 03:59:33,章莹颖
2024-06-26 03:59:33,693分女孩还没查分就接到北大电话
2024-06-26 03:59:33,中国医科大学多名博士生称拿不到学位
2024-06-26 03:59:33,魏大勋 臣退下了
2024-06-26 03:59:33,韩雪
2024-06-26 03:59:33,巴黎奥运中国队8大看点
2024-06-26 03:59:33,女孩上学坠落下水井路过学生趴地救回
2024-06-26 03:59:33,四胞胎
2024-06-26 03:59:33,小S车内伸头看金智媛
2024-06-26 03:59:33,赵今麦MiuMiu
2024-06-26 03:59:33,鲁A济南车 鲁B青岛的
2024-06-26 03:59:33,刘浩存MiuMiu
2024-06-26 03:59:33,95后平均在职仅仅7个月就选择辞职
2024-06-26 03:59:33,丁程鑫 进组
2024-06-26 03:59:33,TFBOYS五十周年演唱会预告
2024-06-26 03:59:33,35岁清华毕业生再考清华失败
2024-06-26 03:59:33,罗小黑
2024-06-26 03:59:33,大腿上长了橘皮纹不是因为胖
2024-06-26 03:59:33,肿瘤科医生劝大家少吃这6种食物
2024-06-26 03:59:33,新一批复制人已入百万
2024-06-26 03:59:33,孕妇喝冰箱剩牛奶感染李斯特菌早产
2024-06-26 03:59:33,罗云熙新剧新娘是印小天
2024-06-26 03:59:33,相柳只剩六个脑袋了
2024-06-26 03:59:33,女子花8950元买LV拖鞋穿2次掉皮
2024-06-26 03:59:33,王星越13岁就知道有事找谁帮忙
2024-06-26 03:59:33,刘亦菲接剧水平
2024-06-26 03:59:33,高考录取通知书运单查询码
2024-06-26 03:59:33,唐尚珺分享查分一刻
2024-06-26 03:59:33,伊能静给玫瑰的故事写小作文
2024-06-26 03:59:33,10元手冲咖啡阿姨称月收入几万块
2024-06-26 03:59:33,景区预约制该不该取消
2024-06-26 03:59:33,张凌赫度华年出场梦回谢危
2024-06-26 03:59:33,歌手官宣谭维维
2024-06-26 03:59:33,男生考前右手骨折考了714分
2024-06-26 03:59:33,伊能静发刘亦菲九宫格
2024-06-26 03:59:33,男子出差半个月家被搬空
2024-06-26 03:59:33,林高远新中式大片
2024-06-26 03:59:33,沙溢王鹤棣演岳父与女婿
2024-06-26 03:59:33,文韬何运晨策略查重率100%
2024-06-26 03:59:33,度华年
2024-06-26 03:59:33,女子去埃及旅游出机场崩溃连连
2024-06-26 03:59:33,加沙没有一寸地方是安全的
2024-06-26 03:59:33,大奉打更人  抬上来
2024-06-26 03:59:33,ZICO
2024-06-26 03:59:33,选专业要考虑自己是i人e人吗
2024-06-26 03:59:33,不知火舞新皮肤
2024-06-26 03:59:33,偷偷留学了一年却骗妈妈在上班
2024-06-26 04:59:34,章莹颖
2024-06-26 04:59:34,云南丽江4.4级左右地震
2024-06-26 04:59:34,高考志愿填报前这些信息要了解
2024-06-26 04:59:34,我的冠军DNA动了
2024-06-26 04:59:34,洪知秀将在联合国发表演讲
2024-06-26 04:59:34,喜茶门店称小奶栀名字是公司定的
2024-06-26 04:59:34,魏大勋 臣退下了
2024-06-26 04:59:34,十个勤天成立新公司
2024-06-26 04:59:34,693分女孩还没查分就接到北大电话
2024-06-26 04:59:34,伊能静发刘亦菲九宫格
2024-06-26 04:59:34,寻子17年母亲说儿子考多少都是满分
2024-06-26 04:59:34,四胞胎
2024-06-26 04:59:34,武艺听到天天一米九的反应
2024-06-26 04:59:34,云南丽江永胜县4.5级地震
2024-06-26 04:59:34,鲁A济南车 鲁B青岛的
2024-06-26 04:59:34,厦大教授谈新传专业遇冷
2024-06-26 04:59:34,林一鼻子
2024-06-26 04:59:34,章莹颖父母现状
2024-06-26 04:59:34,赵今麦MiuMiu
2024-06-26 04:59:34,巴黎奥运中国队8大看点
2024-06-26 04:59:34,中国医科大学多名博士生称拿不到学位
2024-06-26 04:59:34,肿瘤科医生劝大家少吃这6种食物
2024-06-26 04:59:34,大腿上长了橘皮纹不是因为胖
2024-06-26 04:59:34,猎罪图鉴2杀青
2024-06-26 04:59:34,刘浩存MiuMiu
2024-06-26 04:59:34,偷偷留学了一年却骗妈妈在上班
2024-06-26 04:59:34,新一批复制人已入百万
2024-06-26 04:59:34,TFBOYS五十周年演唱会预告
2024-06-26 04:59:34,小S车内伸头看金智媛
2024-06-26 04:59:34,留给领克的安全测试项目不多了
2024-06-26 04:59:34,韩国麦当劳恢复销售炸薯条
2024-06-26 04:59:34,迪丽热巴 玛丽猫
2024-06-26 04:59:34,SEVENTEEN被任命为青年亲善大使
2024-06-26 04:59:34,95后平均在职仅仅7个月就选择辞职
2024-06-26 04:59:34,高二女生考入北大遗憾不能上高三
2024-06-26 04:59:34,巴黎奥运比赛场地就在景区
2024-06-26 04:59:34,男足男篮男排均未入选巴黎奥运会
2024-06-26 04:59:34,35岁清华毕业生再考清华失败
2024-06-26 04:59:34,相柳只剩六个脑袋了
2024-06-26 04:59:34,丁程鑫 进组
2024-06-26 04:59:34,哪些考生适合报机械专业
2024-06-26 04:59:34,伊能静 刘亦菲的人生是真正的大女主
2024-06-26 04:59:34,孕妇喝冰箱剩牛奶感染李斯特菌早产
2024-06-26 04:59:34,于正问菲常萧张二搭适合什么朝代
2024-06-26 04:59:34,王俊凯被摸了一路
2024-06-26 04:59:34,部分央企系公募已启动退薪工作
2024-06-26 04:59:34,世界上最不会打架的小狗出现了
2024-06-26 04:59:34,他们是一群叫某某某的英雄
2024-06-26 04:59:34,女子花8950元买LV拖鞋穿2次掉皮
2024-06-26 04:59:34,罗小黑
2024-06-26 05:59:35,高二女生考入北大遗憾不能上高三
2024-06-26 05:59:35,洪知秀将在联合国发表演讲
2024-06-26 05:59:35,高考志愿填报前这些信息要了解
2024-06-26 05:59:35,我的冠军DNA动了
2024-06-26 05:59:35,林一鼻子
2024-06-26 05:59:35,喜茶门店称小奶栀名字是公司定的
2024-06-26 05:59:35,胡锡进炒股一年赔了7.4万元
2024-06-26 05:59:35,朴彩英 魔芋爽
2024-06-26 05:59:35,十个勤天成立新公司
2024-06-26 05:59:35,693分女孩还没查分就接到北大电话
2024-06-26 05:59:35,这一声妈94岁老人苦盼了65年
2024-06-26 05:59:35,章莹颖
2024-06-26 05:59:35,四胞胎
2024-06-26 05:59:35,檀健次发文官宣演唱会
2024-06-26 05:59:35,为什么一分钟会变成59秒
2024-06-26 05:59:35,58位机械毕业生薪资
2024-06-26 05:59:35,伊能静发刘亦菲九宫格
2024-06-26 05:59:35,猎罪图鉴2杀青
2024-06-26 05:59:35,迪丽热巴 玛丽猫
2024-06-26 05:59:35,云南丽江4.4级左右地震
2024-06-26 05:59:35,Hero战胜WE
2024-06-26 05:59:35,偷偷留学了一年却骗妈妈在上班
2024-06-26 05:59:35,肿瘤科医生劝大家少吃这6种食物
2024-06-26 05:59:35,武艺听到天天一米九的反应
2024-06-26 05:59:35,十个勤天走秀
2024-06-26 05:59:35,大腿上长了橘皮纹不是因为胖
2024-06-26 05:59:35,王星越梁永棋你们有点暧昧了
2024-06-26 05:59:35,长相思2预约人数破700万
2024-06-26 05:59:35,赵今麦MiuMiu
2024-06-26 05:59:35,新一批复制人已入百万
2024-06-26 05:59:35,巴黎奥运中国队8大看点
2024-06-26 05:59:35,TFBOYS五十周年演唱会预告
2024-06-26 05:59:35,魏大勋 臣退下了
2024-06-26 05:59:35,云南丽江连发3次地震
2024-06-26 05:59:35,中国医科大学多名博士生称拿不到学位
2024-06-26 05:59:35,世界上最不会打架的小狗出现了
2024-06-26 05:59:35,鲁A济南车 鲁B青岛的
2024-06-26 05:59:35,小S车内伸头看金智媛
2024-06-26 05:59:35,SEVENTEEN被任命为青年亲善大使
2024-06-26 05:59:35,男足男篮男排均未入选巴黎奥运会
2024-06-26 05:59:35,孕妇喝冰箱剩牛奶感染李斯特菌早产
2024-06-26 05:59:35,罗小黑
2024-06-26 05:59:35,王传君威胁许天奇经纪人
2024-06-26 05:59:35,买了扫地机器人我妈更累了
2024-06-26 05:59:35,女子花8950元买LV拖鞋穿2次掉皮
2024-06-26 05:59:35,英国王室73岁公主坠马失忆
2024-06-26 05:59:35,王鹤棣模仿英子开门
2024-06-26 05:59:35,度华年
2024-06-26 05:59:35,于正问菲常萧张二搭适合什么朝代
2024-06-26 05:59:35,周迅Chanel黑色高定
2024-06-26 06:59:36,高二女生考入北大遗憾不能上高三
2024-06-26 06:59:36,高校食堂筷子事件女生开始带货
2024-06-26 06:59:36,高考志愿填报前这些信息要了解
2024-06-26 06:59:36,林一鼻子
2024-06-26 06:59:36,宋家三胞胎长这么高了
2024-06-26 06:59:36,英国王室73岁公主坠马失忆
2024-06-26 06:59:36,微博积分清零
2024-06-26 06:59:36,为什么一分钟会变成59秒
2024-06-26 06:59:36,十个勤天走秀
2024-06-26 06:59:36,喜茶门店称小奶栀名字是公司定的
2024-06-26 06:59:36,北京首套房首付最低20%
2024-06-26 06:59:36,章莹颖
2024-06-26 06:59:36,央美招生宣传黄亦玫首选
2024-06-26 06:59:36,四胞胎
2024-06-26 06:59:36,693分女孩还没查分就接到北大电话
2024-06-26 06:59:36,马伯庸从人性开始去写作
2024-06-26 06:59:36,不知火舞花合斗爆料
2024-06-26 06:59:36,负重一万斤长大 素媛案
2024-06-26 06:59:36,十个勤天直播
2024-06-26 06:59:36,檀健次发文官宣演唱会
2024-06-26 06:59:36,朴彩英 魔芋爽
2024-06-26 06:59:36,偷偷留学了一年却骗妈妈在上班
2024-06-26 06:59:36,十个勤天成立新公司
2024-06-26 06:59:36,十个勤天小卖铺
2024-06-26 06:59:36,王一珩当上董事长
2024-06-26 06:59:36,毒贩悬赏100万买缉毒犬的命
2024-06-26 06:59:36,北京优化房地产政策
2024-06-26 06:59:36,山大建议排名前15000名山东考生可冲
2024-06-26 06:59:36,伊能静发刘亦菲九宫格
2024-06-26 06:59:36,肿瘤科医生劝大家少吃这6种食物
2024-06-26 06:59:36,各地高考分数线已全部公布
2024-06-26 06:59:36,洪知秀将在联合国发表演讲
2024-06-26 06:59:36,大腿上长了橘皮纹不是因为胖
2024-06-26 06:59:36,猎罪图鉴2杀青
2024-06-26 06:59:36,武汉大学没场硬转
2024-06-26 06:59:36,TFBOYS五十周年演唱会预告
2024-06-26 06:59:36,王星越梁永棋你们有点暧昧了
2024-06-26 06:59:36,新一批复制人已入百万
2024-06-26 06:59:36,久违了无穷小亮的水猴子
2024-06-26 06:59:36,差点没认出来倪妮
2024-06-26 06:59:36,女儿不想结婚爸爸舌战亲戚
2024-06-26 06:59:36,度华年
2024-06-26 06:59:36,买了扫地机器人我妈更累了
2024-06-26 06:59:36,吴谨言王星越合作是命运的羁绊
2024-06-26 06:59:36,张若昀庆功宴造型
2024-06-26 06:59:36,薛之谦加盟第五届TMEA
2024-06-26 06:59:36,罗小黑
2024-06-26 06:59:36,李宇春深V夹克
2024-06-26 06:59:36,长相思2预约人数破700万
2024-06-26 06:59:36,迪丽热巴 玛丽猫
2024-06-26 07:59:37,北京首套房首付最低20%
2024-06-26 07:59:37,高校食堂筷子事件女生开始带货
2024-06-26 07:59:37,高考志愿填报前这些信息要了解
2024-06-26 07:59:37,蚂蚁保上预定利率3.0%的增额寿
2024-06-26 07:59:37,哪里人不爱出省读大学
2024-06-26 07:59:37,宋家三胞胎长这么高了
2024-06-26 07:59:37,央美招生宣传黄亦玫首选
2024-06-26 07:59:37,今日辟谣
2024-06-26 07:59:37,英国王室73岁公主坠马失忆
2024-06-26 07:59:37,赵露思韩国购物开箱
2024-06-26 07:59:37,高二女生考入北大遗憾不能上高三
2024-06-26 07:59:37,中国茶在法国好city啊
2024-06-26 07:59:37,黄亦玫回应复旦
2024-06-26 07:59:37,北京100万房贷30年少还11.25万元
2024-06-26 07:59:37,海棠延期
2024-06-26 07:59:37,四胞胎
2024-06-26 07:59:37,差点没认出来倪妮
2024-06-26 07:59:37,乘风Dance直播
2024-06-26 07:59:37,负重一万斤长大 素媛案
2024-06-26 07:59:37,为什么一分钟会变成59秒
2024-06-26 07:59:37,赵露思到底摸到了什么
2024-06-26 07:59:37,十个勤天小卖铺
2024-06-26 07:59:37,林一鼻子
2024-06-26 07:59:37,693分女孩还没查分就接到北大电话
2024-06-26 07:59:37,张凌赫赵今麦cp感
2024-06-26 07:59:37,女儿不想结婚爸爸舌战亲戚
2024-06-26 07:59:37,喜茶门店称小奶栀名字是公司定的
2024-06-26 07:59:37,章莹颖
2024-06-26 07:59:37,毒贩悬赏100万买缉毒犬的命
2024-06-26 07:59:37,周也路演哭了
2024-06-26 07:59:37,丞磊把娜扎拍得好美
2024-06-26 07:59:37,2024毕业歌里的彩蛋
2024-06-26 07:59:37,王一珩当上董事长
2024-06-26 07:59:37,吴谨言王星越合作是命运的羁绊
2024-06-26 07:59:37,偷偷留学了一年却骗妈妈在上班
2024-06-26 07:59:37,久违了无穷小亮的水猴子
2024-06-26 07:59:37,山大建议排名前15000名山东考生可冲
2024-06-26 07:59:37,九尾不知火舞花合斗签名
2024-06-26 07:59:37,杨和苏李大奔冲突
2024-06-26 07:59:37,巴黎奥运会运动员食堂
2024-06-26 07:59:37,十个勤天走秀
2024-06-26 07:59:37,猫抓板是可以用完的
2024-06-26 07:59:37,檀健次发文官宣演唱会
2024-06-26 07:59:37,TES定组赛全胜
2024-06-26 07:59:37,张若昀庆功宴造型
2024-06-26 07:59:37,猎罪图鉴2杀青
2024-06-26 07:59:37,新一批复制人已入百万
2024-06-26 07:59:37,度华年
2024-06-26 07:59:37,大腿上长了橘皮纹不是因为胖
2024-06-26 07:59:37,伊能静发刘亦菲九宫格
2024-06-26 08:59:38,李雪琴 游泳
2024-06-26 08:59:38,北京100万房贷30年少还11.25万元
2024-06-26 08:59:38,高考志愿填报前这些信息要了解
2024-06-26 08:59:38,蚂蚁保上预定利率3.0%的增额寿
2024-06-26 08:59:38,终于有24小时录制的综艺了
2024-06-26 08:59:38,北京首套房首付最低20%
2024-06-26 08:59:38,哪里人不爱出省读大学
2024-06-26 08:59:38,黄亦玫回应复旦
2024-06-26 08:59:38,刘亦菲回应伊能静
2024-06-26 08:59:38,美军机在南海盘旋并投放不明物体
2024-06-26 08:59:38,全国超20座高铁站建成后未运营
2024-06-26 08:59:38,郭碧婷 忘动作
2024-06-26 08:59:38,张杰直播
2024-06-26 08:59:38,陈昊宇 弹幕
2024-06-26 08:59:38,父亲上网刷视频得知女儿被霸凌
2024-06-26 08:59:38,刘震云语言大师
2024-06-26 08:59:38,00后在B站狂补数学
2024-06-26 08:59:38,乘风Dance直播
2024-06-26 08:59:38,四胞胎
2024-06-26 08:59:38,海棠延期
2024-06-26 08:59:38,高二女生考入北大遗憾不能上高三
2024-06-26 08:59:38,高校食堂筷子事件女生开始带货
2024-06-26 08:59:38,林一鼻子
2024-06-26 08:59:38,女儿不想结婚爸爸舌战亲戚
2024-06-26 08:59:38,真的建议报考中国科大
2024-06-26 08:59:38,英国王室73岁公主坠马失忆
2024-06-26 08:59:38,差点没认出来倪妮
2024-06-26 08:59:38,宋家三胞胎长这么高了
2024-06-26 08:59:38,极越拿下智驾大赛三连冠
2024-06-26 08:59:38,张凌赫赵今麦cp感
2024-06-26 08:59:38,刘亦菲出发参加白玉兰
2024-06-26 08:59:38,赵露思到底摸到了什么
2024-06-26 08:59:38,王星越cos林黛玉
2024-06-26 08:59:38,彭冠英装果冻客服售后直播
2024-06-26 08:59:38,度华年开播热度
2024-06-26 08:59:38,为什么一分钟会变成59秒
2024-06-26 08:59:38,赵露思韩国购物开箱
2024-06-26 08:59:38,八贼发布第二首diss
2024-06-26 08:59:38,美元兑日元突破160关口
2024-06-26 08:59:38,eStar对战TKL
2024-06-26 08:59:38,第一次看蛋糕这么反胃的
2024-06-26 08:59:38,巴黎奥运会女排小组赛赛程
2024-06-26 08:59:38,九尾不知火舞花合斗签名
2024-06-26 08:59:38,久违了无穷小亮的水猴子
2024-06-26 08:59:38,王星越玩手机有点费脑袋
2024-06-26 08:59:38,在巴黎静候冠军龙服上身
2024-06-26 08:59:38,央美招生宣传黄亦玫首选
2024-06-26 08:59:38,章莹颖
2024-06-26 08:59:38,巴黎奥运会运动员食堂
2024-06-26 08:59:38,丞磊把娜扎拍得好美
2024-06-26 09:59:39,终于有24小时录制的综艺了
2024-06-26 09:59:39,00后在B站狂补数学
2024-06-26 09:59:39,宇宙快递开箱了
2024-06-26 09:59:39,我的冠军DNA动了
2024-06-26 09:59:39,李雪琴 游泳
2024-06-26 09:59:39,哪里人不爱出省读大学
2024-06-26 09:59:39,美军机在南海盘旋并投放不明物体
2024-06-26 09:59:39,郭碧婷 忘动作
2024-06-26 09:59:39,刘亦菲回应伊能静
2024-06-26 09:59:39,张子宇44分
2024-06-26 09:59:39,西安民警排队献血助力甘肃患病男孩
2024-06-26 09:59:39,父亲上网刷视频得知女儿被霸凌
2024-06-26 09:59:39,黄亦玫回应复旦
2024-06-26 09:59:39,苗苗血泪妆
2024-06-26 09:59:39,女儿不想结婚爸爸舌战亲戚
2024-06-26 09:59:39,单霁翔谈传统文化借综艺破圈
2024-06-26 09:59:39,陈昊宇 弹幕
2024-06-26 09:59:39,北京100万房贷30年少还11.25万元
2024-06-26 09:59:39,刘忻团票数
2024-06-26 09:59:39,北京首套房首付最低20%
2024-06-26 09:59:39,中国男篮不敌澳门黑熊
2024-06-26 09:59:39,林一鼻子
2024-06-26 09:59:39,第一次看蛋糕这么反胃的
2024-06-26 09:59:39,白玉兰
2024-06-26 09:59:39,偷米diss杨和苏
2024-06-26 09:59:39,四胞胎
2024-06-26 09:59:39,陈丽君柳岩郭碧婷张予曦国风舞
2024-06-26 09:59:39,女装退货率高的原因好像找到了
2024-06-26 09:59:39,全国超20座高铁站建成后未运营
2024-06-26 09:59:39,鞠婧祎淡妆黑长直
2024-06-26 09:59:39,中医给林一把出滑脉
2024-06-26 09:59:39,乘风Dance直播
2024-06-26 09:59:39,真的建议报考中国科大
2024-06-26 09:59:39,高二女生考入北大遗憾不能上高三
2024-06-26 09:59:39,王星越cos林黛玉
2024-06-26 09:59:39,海棠延期
2024-06-26 09:59:39,度华年开播热度
2024-06-26 09:59:39,张杰直播
2024-06-26 09:59:39,张凌赫赵今麦cp感
2024-06-26 09:59:39,中国象棋第一人王天一被调查
2024-06-26 09:59:39,为什么一分钟会变成59秒
2024-06-26 09:59:39,不吃早餐和不吃晚餐哪个对身体影响大
2024-06-26 09:59:39,李雪琴同学回应
2024-06-26 09:59:39,宋家三胞胎长这么高了
2024-06-26 09:59:39,刘忻邪魅一笑
2024-06-26 09:59:39,齐思钧回归主持浪姐直播
2024-06-26 09:59:39,刘亦菲出发参加白玉兰
2024-06-26 09:59:39,英国王室73岁公主坠马失忆
2024-06-26 09:59:39,赵露思到底摸到了什么
2024-06-26 09:59:39,50块钱在韩国打了瘦脸针
2024-06-26 10:59:41,李雪琴同学回应
2024-06-26 10:59:41,哪里人不爱出省读大学
2024-06-26 10:59:41,宇宙快递开箱了
2024-06-26 10:59:41,做票
2024-06-26 10:59:41,女儿不想结婚爸爸舌战亲戚
2024-06-26 10:59:41,00后在B站狂补数学
2024-06-26 10:59:41,终于有24小时录制的综艺了
2024-06-26 10:59:41,法老diss
2024-06-26 10:59:41,北京100万房贷30年少还11.25万元
2024-06-26 10:59:41,男童坠入极窄深井矮小症村民挺身而出
2024-06-26 10:59:41,刘亦菲回应伊能静
2024-06-26 10:59:41,偷米diss杨和苏
2024-06-26 10:59:41,陈昊宇 弹幕
2024-06-26 10:59:41,父亲上网刷视频得知女儿被霸凌
2024-06-26 10:59:41,黄亦玫回应复旦
2024-06-26 10:59:41,中国男篮不敌澳门黑熊
2024-06-26 10:59:41,男子高考失利离家出走8年
2024-06-26 10:59:41,美军机在南海盘旋并投放不明物体
2024-06-26 10:59:41,毒贩在禁毒视频下打广告被抓
2024-06-26 10:59:41,张子宇44分
2024-06-26 10:59:41,50块钱在韩国打了瘦脸针
2024-06-26 10:59:41,女装退货率高的原因好像找到了
2024-06-26 10:59:41,郭碧婷 忘动作
2024-06-26 10:59:41,何洁 梦回超女
2024-06-26 10:59:41,李雪琴 游泳
2024-06-26 10:59:41,王俊凯现身谢霆锋新片首映礼
2024-06-26 10:59:41,不吃早餐和不吃晚餐哪个对身体影响大
2024-06-26 10:59:41,白玉兰
2024-06-26 10:59:41,中国象棋第一人王天一被调查
2024-06-26 10:59:41,苗苗血泪妆
2024-06-26 10:59:41,林一鼻子
2024-06-26 10:59:41,四胞胎
2024-06-26 10:59:41,北京首套房首付最低20%
2024-06-26 10:59:41,智性恋
2024-06-26 10:59:41,张予曦穿着高跟鞋跳舞
2024-06-26 10:59:41,张凌赫赵今麦cp感
2024-06-26 10:59:41,世预赛18强国足或遭死亡之组
2024-06-26 10:59:41,第一次看蛋糕这么反胃的
2024-06-26 10:59:41,广西糖水火了
2024-06-26 10:59:41,刘忻团票数
2024-06-26 10:59:41,张杰吃火锅边吃边开嗓
2024-06-26 10:59:41,鞠婧祎淡妆黑长直
2024-06-26 10:59:41,海棠延期
2024-06-26 10:59:41,为什么不建议盲目当老师
2024-06-26 10:59:41,全国超20座高铁站建成后未运营
2024-06-26 10:59:41,八贼发布第二首diss
2024-06-26 10:59:41,中医给林一把出滑脉
2024-06-26 10:59:41,乘风Dance直播
2024-06-26 10:59:41,高二女生考入北大遗憾不能上高三
2024-06-26 10:59:41,为什么一分钟会变成59秒
2024-06-26 11:59:42,法老diss
2024-06-26 11:59:42,哪里人不爱出省读大学
2024-06-26 11:59:42,宇宙快递开箱了
2024-06-26 11:59:42,李雪琴同学回应
2024-06-26 11:59:42,女装退货率高的原因好像找到了
2024-06-26 11:59:42,毒贩在禁毒视频下打广告被抓
2024-06-26 11:59:42,童书绘本9.9元秒杀专场
2024-06-26 11:59:42,做票
2024-06-26 11:59:42,女儿不想结婚爸爸舌战亲戚
2024-06-26 11:59:42,李雪琴高考分数
2024-06-26 11:59:42,医学生高铁上争分夺秒练缝合
2024-06-26 11:59:42,终于有24小时录制的综艺了
2024-06-26 11:59:42,偷米diss杨和苏
2024-06-26 11:59:42,黄亦玫回应复旦
2024-06-26 11:59:42,刘亦菲回应伊能静
2024-06-26 11:59:42,父亲上网刷视频得知女儿被霸凌
2024-06-26 11:59:42,男子高考失利离家出走8年
2024-06-26 11:59:42,城管局回应环卫工坐下休息被领导骂哭
2024-06-26 11:59:42,北京100万房贷30年少还11.25万元
2024-06-26 11:59:42,中国象棋第一人王天一被调查
2024-06-26 11:59:42,美军机在南海盘旋并投放不明物体
2024-06-26 11:59:42,50块钱在韩国打了瘦脸针
2024-06-26 11:59:42,陈昊宇 弹幕
2024-06-26 11:59:42,何洁 梦回超女
2024-06-26 11:59:42,郭碧婷 忘动作
2024-06-26 11:59:42,得胃癌之前胃都经历了什么
2024-06-26 11:59:42,为什么不建议盲目当老师
2024-06-26 11:59:42,陈昊宇郑妮可万妮达袁娅维狂野舞台
2024-06-26 11:59:42,赵露思到底摸到了什么
2024-06-26 11:59:42,宇露君沾
2024-06-26 11:59:42,王俊凯现身谢霆锋新片首映礼
2024-06-26 11:59:42,张凌赫赵今麦cp感
2024-06-26 11:59:42,林一鼻子
2024-06-26 11:59:42,不吃早餐和不吃晚餐哪个对身体影响大
2024-06-26 11:59:42,海棠延期
2024-06-26 11:59:42,李雪琴 游泳
2024-06-26 11:59:42,广西糖水火了
2024-06-26 11:59:42,智性恋
2024-06-26 11:59:42,福登暂时离开国家队
2024-06-26 11:59:42,北京首套房首付最低20%
2024-06-26 11:59:42,中国男篮不敌澳门黑熊
2024-06-26 11:59:42,八贼发布第二首diss
2024-06-26 11:59:42,白玉兰
2024-06-26 11:59:42,苗苗血泪妆
2024-06-26 11:59:42,男童坠入极窄深井矮小症村民挺身而出
2024-06-26 11:59:42,世预赛18强国足或遭死亡之组
2024-06-26 11:59:42,张杰吃火锅边吃边开嗓
2024-06-26 11:59:42,四胞胎
2024-06-26 11:59:42,刘忻团票数
2024-06-26 11:59:42,蔡文静回应戚薇
2024-06-26 12:59:43,法老diss
2024-06-26 12:59:43,哪里人不爱出省读大学
2024-06-26 12:59:43,宇宙快递开箱了
2024-06-26 12:59:43,李雪琴高考分数
2024-06-26 12:59:43,女装退货率高的原因好像找到了
2024-06-26 12:59:43,温州女生高考726分称自己不是天赋型
2024-06-26 12:59:43,秃子
2024-06-26 12:59:43,做票
2024-06-26 12:59:43,城管局回应环卫工坐下休息被领导骂哭
2024-06-26 12:59:43,像你这样的朋友毕业合唱版
2024-06-26 12:59:43,李雪琴同学回应
2024-06-26 12:59:43,终于有24小时录制的综艺了
2024-06-26 12:59:43,刘亦菲回应伊能静
2024-06-26 12:59:43,偷米diss杨和苏
2024-06-26 12:59:43,父亲上网刷视频得知女儿被霸凌
2024-06-26 12:59:43,海棠延期
2024-06-26 12:59:43,毒贩在禁毒视频下打广告被抓
2024-06-26 12:59:43,中国象棋第一人王天一被调查
2024-06-26 12:59:43,女儿不想结婚爸爸舌战亲戚
2024-06-26 12:59:43,为什么不建议盲目当老师
2024-06-26 12:59:43,得胃癌之前胃都经历了什么
2024-06-26 12:59:43,黄亦玫回应复旦
2024-06-26 12:59:43,50块钱在韩国打了瘦脸针
2024-06-26 12:59:43,陈昊宇 弹幕
2024-06-26 12:59:43,何洁尚雯婕合唱想唱就唱
2024-06-26 12:59:43,郭碧婷 忘动作
2024-06-26 12:59:43,度华年开播热度
2024-06-26 12:59:43,北京100万房贷30年少还11.25万元
2024-06-26 12:59:43,张凌赫赵今麦cp感
2024-06-26 12:59:43,八贼发布第二首diss
2024-06-26 12:59:43,陈昊宇郑妮可万妮达袁娅维狂野舞台
2024-06-26 12:59:43,李雪琴 游泳
2024-06-26 12:59:43,赵露思到底摸到了什么
2024-06-26 12:59:43,美军机在南海盘旋并投放不明物体
2024-06-26 12:59:43,斯洛伐克vs罗马尼亚
2024-06-26 12:59:43,辉子第四
2024-06-26 12:59:43,林一鼻子
2024-06-26 12:59:43,蔡文静说近半年不想再拍综艺了
2024-06-26 12:59:43,男子高考失利离家出走8年
2024-06-26 12:59:43,福登暂时离开国家队
2024-06-26 12:59:43,何洁 梦回超女
2024-06-26 12:59:43,王俊凯现身谢霆锋新片首映礼
2024-06-26 12:59:43,世预赛18强国足或遭死亡之组
2024-06-26 12:59:43,刘忻团票数
2024-06-26 12:59:43,广西糖水火了
2024-06-26 12:59:43,不吃早餐和不吃晚餐哪个对身体影响大
2024-06-26 12:59:43,中国男篮不敌澳门黑熊
2024-06-26 12:59:43,北京首套房首付最低20%
2024-06-26 12:59:43,白玉兰
2024-06-26 12:59:43,第一次看蛋糕这么反胃的
2024-06-26 13:59:44,法老diss
2024-06-26 13:59:44,温州女生高考726分称自己不是天赋型
2024-06-26 13:59:44,高校毕业季就是最好的招生简章
2024-06-26 13:59:44,蚂蚁保上预定利率3.0%的增额寿
2024-06-26 13:59:44,李雪琴高考分数
2024-06-26 13:59:44,女装退货率高的原因好像找到了
2024-06-26 13:59:44,哪里人不爱出省读大学
2024-06-26 13:59:44,秃子
2024-06-26 13:59:44,偷米diss杨和苏
2024-06-26 13:59:44,像你这样的朋友毕业合唱版
2024-06-26 13:59:44,种菜游戏暴雷涉及资金近3亿元
2024-06-26 13:59:44,刘亦菲回应伊能静
2024-06-26 13:59:44,终于有24小时录制的综艺了
2024-06-26 13:59:44,海棠延期
2024-06-26 13:59:44,李雪琴同学回应
2024-06-26 13:59:44,父亲上网刷视频得知女儿被霸凌
2024-06-26 13:59:44,蔡文静说近半年不想再拍综艺了
2024-06-26 13:59:44,中国象棋第一人王天一被调查
2024-06-26 13:59:44,斯洛伐克vs罗马尼亚
2024-06-26 13:59:44,毒贩在禁毒视频下打广告被抓
2024-06-26 13:59:44,城管局回应环卫工坐下休息被领导骂哭
2024-06-26 13:59:44,得胃癌之前胃都经历了什么
2024-06-26 13:59:44,陈昊宇 弹幕
2024-06-26 13:59:44,黄亦玫回应复旦
2024-06-26 13:59:44,50块钱在韩国打了瘦脸针
2024-06-26 13:59:44,张凌赫赵今麦cp感
2024-06-26 13:59:44,八贼发布第二首diss
2024-06-26 13:59:44,李雪琴 游泳
2024-06-26 13:59:44,郭碧婷 忘动作
2024-06-26 13:59:44,新海诚为中国观众手写你的名字
2024-06-26 13:59:44,欧洲杯乌龙球停不下来
2024-06-26 13:59:44,辉子第四
2024-06-26 13:59:44,林一鼻子
2024-06-26 13:59:44,赵露思到底摸到了什么
2024-06-26 13:59:44,为什么不建议盲目当老师
2024-06-26 13:59:44,毕业就是一场巨大的丢money
2024-06-26 13:59:44,刘忻团票数
2024-06-26 13:59:44,王俊凯现身谢霆锋新片首映礼
2024-06-26 13:59:44,第一次看蛋糕这么反胃的
2024-06-26 13:59:44,北京100万房贷30年少还11.25万元
2024-06-26 13:59:44,美军机在南海盘旋并投放不明物体
2024-06-26 13:59:44,陈昊宇郑妮可万妮达袁娅维狂野舞台
2024-06-26 13:59:44,度华年开播热度
2024-06-26 13:59:44,世预赛18强国足或遭死亡之组
2024-06-26 13:59:44,不吃早餐和不吃晚餐哪个对身体影响大
2024-06-26 13:59:44,广西糖水火了
2024-06-26 13:59:44,女儿不想结婚爸爸舌战亲戚
2024-06-26 13:59:44,何洁尚雯婕合唱想唱就唱
2024-06-26 13:59:44,中国男篮不敌澳门黑熊
2024-06-26 13:59:44,白玉兰
2024-06-26 14:59:45,法老diss
2024-06-26 14:59:45,温州女生高考726分称自己不是天赋型
2024-06-26 14:59:45,高校毕业季就是最好的招生简章
2024-06-26 14:59:45,蚂蚁保上预定利率3.0%的增额寿
2024-06-26 14:59:45,李雪琴高考分数
2024-06-26 14:59:45,种菜游戏暴雷涉及资金近3亿元
2024-06-26 14:59:45,女装退货率高的原因好像找到了
2024-06-26 14:59:45,秃子
2024-06-26 14:59:45,偷米diss杨和苏
2024-06-26 14:59:45,哪里人不爱出省读大学
2024-06-26 14:59:45,男童坠入极窄深井矮小症村民挺身而出
2024-06-26 14:59:45,蔡文静说近半年不想再拍综艺了
2024-06-26 14:59:45,终于有24小时录制的综艺了
2024-06-26 14:59:45,海棠延期
2024-06-26 14:59:45,刘亦菲回应伊能静
2024-06-26 14:59:45,李雪琴同学回应
2024-06-26 14:59:45,父亲上网刷视频得知女儿被霸凌
2024-06-26 14:59:45,欧洲杯乌龙球停不下来
2024-06-26 14:59:45,中国象棋第一人王天一被调查
2024-06-26 14:59:45,毒贩在禁毒视频下打广告被抓
2024-06-26 14:59:45,斯洛伐克vs罗马尼亚
2024-06-26 14:59:45,陈昊宇 弹幕
2024-06-26 14:59:45,八贼发布第二首diss
2024-06-26 14:59:45,张凌赫赵今麦cp感
2024-06-26 14:59:45,李雪琴 游泳
2024-06-26 14:59:45,50块钱在韩国打了瘦脸针
2024-06-26 14:59:45,得胃癌之前胃都经历了什么
2024-06-26 14:59:45,郭碧婷 忘动作
2024-06-26 14:59:45,赵露思到底摸到了什么
2024-06-26 14:59:45,新海诚为中国观众手写你的名字
2024-06-26 14:59:45,真心建议晚上考语文
2024-06-26 14:59:45,黄亦玫回应复旦
2024-06-26 14:59:45,第一次看蛋糕这么反胃的
2024-06-26 14:59:45,刘忻团票数
2024-06-26 14:59:45,毕业就是一场巨大的丢money
2024-06-26 14:59:45,林一鼻子
2024-06-26 14:59:45,巴黎世家大秀
2024-06-26 14:59:45,城管局回应环卫工坐下休息被领导骂哭
2024-06-26 14:59:45,美军机在南海盘旋并投放不明物体
2024-06-26 14:59:45,王俊凯现身谢霆锋新片首映礼
2024-06-26 14:59:45,辉子第四
2024-06-26 14:59:45,王星越落地的动作真的很小学生
2024-06-26 14:59:45,女儿不想结婚爸爸舌战亲戚
2024-06-26 14:59:45,北京100万房贷30年少还11.25万元
2024-06-26 14:59:45,世预赛18强国足或遭死亡之组
2024-06-26 14:59:45,不吃早餐和不吃晚餐哪个对身体影响大
2024-06-26 14:59:45,度华年开播热度
2024-06-26 14:59:45,像你这样的朋友毕业合唱版
2024-06-26 14:59:45,为什么不建议盲目当老师
2024-06-26 14:59:45,陈昊宇郑妮可万妮达袁娅维狂野舞台
2024-06-26 15:59:46,法老diss
2024-06-26 15:59:46,温州女生高考726分称自己不是天赋型
2024-06-26 15:59:46,高校毕业季就是最好的招生简章
2024-06-26 15:59:46,小米Civi魔镜手机
2024-06-26 15:59:46,李雪琴高考分数
2024-06-26 15:59:46,种菜游戏暴雷涉及资金近3亿元
2024-06-26 15:59:46,哪里人不爱出省读大学
2024-06-26 15:59:46,秃子
2024-06-26 15:59:46,蔡文静说近半年不想再拍综艺了
2024-06-26 15:59:46,女装退货率高的原因好像找到了
2024-06-26 15:59:46,打卡第八届亚欧博览会
2024-06-26 15:59:46,偷米diss杨和苏
2024-06-26 15:59:46,李雪琴同学回应
2024-06-26 15:59:46,父亲上网刷视频得知女儿被霸凌
2024-06-26 15:59:46,终于有24小时录制的综艺了
2024-06-26 15:59:46,海棠延期
2024-06-26 15:59:46,张凌赫赵今麦cp感
2024-06-26 15:59:46,欧洲杯乌龙球停不下来
2024-06-26 15:59:46,毒贩在禁毒视频下打广告被抓
2024-06-26 15:59:46,中国象棋第一人王天一被调查
2024-06-26 15:59:46,美军机在南海盘旋并投放不明物体
2024-06-26 15:59:46,50块钱在韩国打了瘦脸针
2024-06-26 15:59:46,李雪琴 游泳
2024-06-26 15:59:46,具荷拉保险柜嫌犯去除反光后的照片
2024-06-26 15:59:46,刘亦菲回应伊能静
2024-06-26 15:59:46,得胃癌之前胃都经历了什么
2024-06-26 15:59:46,郭碧婷 忘动作
2024-06-26 15:59:46,八贼发布第二首diss
2024-06-26 15:59:46,真心建议晚上考语文
2024-06-26 15:59:46,陈昊宇 弹幕
2024-06-26 15:59:46,第一次看蛋糕这么反胃的
2024-06-26 15:59:46,城管局回应环卫工坐下休息被领导骂哭
2024-06-26 15:59:46,斯洛伐克vs罗马尼亚
2024-06-26 15:59:46,黄亦玫回应复旦
2024-06-26 15:59:46,刘忻团票数
2024-06-26 15:59:46,林一鼻子
2024-06-26 15:59:46,北京首套房首付最低20%
2024-06-26 15:59:46,查完分出门被爸爸误以为想不开
2024-06-26 15:59:46,毕业就是一场巨大的丢money
2024-06-26 15:59:46,赵露思到底摸到了什么
2024-06-26 15:59:46,新海诚为中国观众手写你的名字
2024-06-26 15:59:46,不吃早餐和不吃晚餐哪个对身体影响大
2024-06-26 15:59:46,北京100万房贷30年少还11.25万元
2024-06-26 15:59:46,辉子第四
2024-06-26 15:59:46,像你这样的朋友毕业合唱版
2024-06-26 15:59:46,巴黎世家大秀
2024-06-26 15:59:46,为什么不建议盲目当老师
2024-06-26 15:59:46,TMEA全阵容官宣
2024-06-26 15:59:46,乘风Dance直播节目单
2024-06-26 15:59:46,度华年开播热度
2024-06-26 16:59:48,法老diss
2024-06-26 16:59:48,温州女生高考726分称自己不是天赋型
2024-06-26 16:59:48,高校毕业季就是最好的招生简章
2024-06-26 16:59:48,李雪琴高考分数
2024-06-26 16:59:48,种菜游戏暴雷涉及资金近3亿元
2024-06-26 16:59:48,女装退货率高的原因好像找到了
2024-06-26 16:59:48,冠军之品成就冠军范儿
2024-06-26 16:59:48,具荷拉保险柜嫌犯去除反光后的照片
2024-06-26 16:59:48,蔡文静说近半年不想再拍综艺了
2024-06-26 16:59:48,哪里人不爱出省读大学
2024-06-26 16:59:48,打卡第八届亚欧博览会
2024-06-26 16:59:48,查完分出门被爸爸误以为想不开
2024-06-26 16:59:48,秃子
2024-06-26 16:59:48,刘亦菲回应伊能静
2024-06-26 16:59:48,李雪琴同学回应
2024-06-26 16:59:48,终于有24小时录制的综艺了
2024-06-26 16:59:48,欧洲杯乌龙球停不下来
2024-06-26 16:59:48,父亲上网刷视频得知女儿被霸凌
2024-06-26 16:59:48,美军机在南海盘旋并投放不明物体
2024-06-26 16:59:48,海棠延期
2024-06-26 16:59:48,毒贩在禁毒视频下打广告被抓
2024-06-26 16:59:48,偷米diss杨和苏
2024-06-26 16:59:48,张凌赫赵今麦cp感
2024-06-26 16:59:48,50块钱在韩国打了瘦脸针
2024-06-26 16:59:48,得胃癌之前胃都经历了什么
2024-06-26 16:59:48,李雪琴 游泳
2024-06-26 16:59:48,北京首套房首付最低20%
2024-06-26 16:59:48,中国象棋第一人王天一被调查
2024-06-26 16:59:48,第一次看蛋糕这么反胃的
2024-06-26 16:59:48,黄亦玫回应复旦
2024-06-26 16:59:48,郭碧婷 忘动作
2024-06-26 16:59:48,城管局回应环卫工坐下休息被领导骂哭
2024-06-26 16:59:48,八贼发布第二首diss
2024-06-26 16:59:48,不吃早餐和不吃晚餐哪个对身体影响大
2024-06-26 16:59:48,陈昊宇 弹幕
2024-06-26 16:59:48,为什么不建议盲目当老师
2024-06-26 16:59:48,赵露思到底摸到了什么
2024-06-26 16:59:48,北京100万房贷30年少还11.25万元
2024-06-26 16:59:48,世预赛18强国足或遭死亡之组
2024-06-26 16:59:48,毕业就是一场巨大的丢money
2024-06-26 16:59:48,巴黎世家大秀
2024-06-26 16:59:48,女儿不想结婚爸爸舌战亲戚
2024-06-26 16:59:48,斯洛伐克vs罗马尼亚
2024-06-26 16:59:48,林一鼻子
2024-06-26 16:59:48,何洁尚雯婕合唱想唱就唱
2024-06-26 16:59:48,真心建议晚上考语文
2024-06-26 16:59:48,谁说站在光里的才算是英雄
2024-06-26 16:59:48,乘风Dance直播节目单
2024-06-26 16:59:48,刘忻团票数
2024-06-26 16:59:48,新海诚为中国观众手写你的名字
2024-06-26 17:59:49,李雪琴高考分数
2024-06-26 17:59:49,温州女生高考726分称自己不是天赋型
2024-06-26 17:59:49,高校毕业季就是最好的招生简章
2024-06-26 17:59:49,法老diss
2024-06-26 17:59:49,种菜游戏暴雷涉及资金近3亿元
2024-06-26 17:59:49,女装退货率高的原因好像找到了
2024-06-26 17:59:49,女子造谣餐馆老板感染艾滋病被拘留
2024-06-26 17:59:49,蔡文静说近半年不想再拍综艺了
2024-06-26 17:59:49,李雪琴同学回应
2024-06-26 17:59:49,哪里人不爱出省读大学
2024-06-26 17:59:49,打卡第八届亚欧博览会
2024-06-26 17:59:49,父亲上网刷视频得知女儿被霸凌
2024-06-26 17:59:49,查完分出门被爸爸误以为想不开
2024-06-26 17:59:49,刘亦菲回应伊能静
2024-06-26 17:59:49,秃子
2024-06-26 17:59:49,终于有24小时录制的综艺了
2024-06-26 17:59:49,美军机在南海盘旋并投放不明物体
2024-06-26 17:59:49,欧洲杯乌龙球停不下来
2024-06-26 17:59:49,具荷拉保险柜嫌犯去除反光后的照片
2024-06-26 17:59:49,北京首套房首付最低20%
2024-06-26 17:59:49,中国象棋第一人王天一被调查
2024-06-26 17:59:49,得胃癌之前胃都经历了什么
2024-06-26 17:59:49,50块钱在韩国打了瘦脸针
2024-06-26 17:59:49,李雪琴 游泳
2024-06-26 17:59:49,城管局回应环卫工坐下休息被领导骂哭
2024-06-26 17:59:49,偷米diss杨和苏
2024-06-26 17:59:49,黄亦玫回应复旦
2024-06-26 17:59:49,为什么不建议盲目当老师
2024-06-26 17:59:49,北京100万房贷30年少还11.25万元
2024-06-26 17:59:49,张凌赫赵今麦cp感
2024-06-26 17:59:49,荷兰首相吕特被任命为北约秘书长
2024-06-26 17:59:49,不吃早餐和不吃晚餐哪个对身体影响大
2024-06-26 17:59:49,斯洛伐克vs罗马尼亚
2024-06-26 17:59:49,第一次看蛋糕这么反胃的
2024-06-26 17:59:49,海棠延期
2024-06-26 17:59:49,女儿不想结婚爸爸舌战亲戚
2024-06-26 17:59:49,世预赛18强国足或遭死亡之组
2024-06-26 17:59:49,陈昊宇 弹幕
2024-06-26 17:59:49,郭碧婷 忘动作
2024-06-26 17:59:49,毒贩在禁毒视频下打广告被抓
2024-06-26 17:59:49,赵露思到底摸到了什么
2024-06-26 17:59:49,毕业就是一场巨大的丢money
2024-06-26 17:59:49,魔兽世界怀旧服回归
2024-06-26 17:59:49,中国男篮不敌澳门黑熊
2024-06-26 17:59:49,男童坠入极窄深井矮小症村民挺身而出
2024-06-26 17:59:49,何洁尚雯婕合唱想唱就唱
2024-06-26 17:59:49,谁说站在光里的才算是英雄
2024-06-26 17:59:49,林一鼻子
2024-06-26 17:59:49,原神4.7版本
2024-06-26 17:59:49,真心建议晚上考语文
